Id,Prediction
328135,-1
328136,-1
328137,-1
328138,-1
328139,-1
328140,-1
328141,-1
328142,-1
328143,-1
328144,-1
328145,-1
328146,-1
328147,-1
328148,-1
328149,-1
328150,-1
328151,-1
328152,-1
328153,-1
328154,-1
328155,-1
328156,-1
328157,-1
328158,-1
328159,-1
328160,-1
328161,-1
328162,-1
328163,-1
328164,-1
328165,-1
328166,-1
328167,-1
328168,-1
328169,-1
328170,-1
328171,-1
328172,-1
328173,-1
328174,-1
328175,-1
328176,-1
328177,-1
328178,-1
328179,-1
328180,-1
328181,-1
328182,-1
328183,-1
328184,-1
328185,-1
328186,-1
328187,-1
328188,-1
328189,-1
328190,-1
328191,-1
328192,-1
328193,-1
328194,-1
328195,-1
328196,-1
328197,-1
328198,-1
328199,-1
328200,-1
328201,-1
328202,-1
328203,-1
328204,-1
328205,-1
328206,-1
328207,-1
328208,-1
328209,-1
328210,-1
328211,-1
328212,-1
328213,-1
328214,-1
328215,-1
328216,-1
328217,-1
328218,-1
328219,-1
328220,-1
328221,-1
328222,-1
328223,-1
328224,-1
328225,-1
328226,-1
328227,-1
328228,-1
328229,-1
328230,-1
328231,-1
328232,-1
328233,-1
328234,-1
328235,-1
328236,-1
328237,-1
328238,-1
328239,-1
328240,-1
328241,-1
328242,-1
328243,-1
328244,-1
328245,-1
328246,-1
328247,-1
328248,-1
328249,-1
328250,-1
328251,-1
328252,-1
328253,-1
328254,-1
328255,-1
328256,-1
328257,-1
328258,-1
328259,-1
328260,-1
328261,-1
328262,-1
328263,-1
328264,-1
328265,-1
328266,-1
328267,-1
328268,-1
328269,-1
328270,-1
328271,-1
328272,-1
328273,-1
328274,-1
328275,-1
328276,-1
328277,-1
328278,-1
328279,-1
328280,-1
328281,-1
328282,-1
328283,-1
328284,-1
328285,-1
328286,-1
328287,-1
328288,-1
328289,-1
328290,-1
328291,-1
328292,-1
328293,-1
328294,-1
328295,-1
328296,-1
328297,-1
328298,-1
328299,-1
328300,-1
328301,-1
328302,-1
328303,-1
328304,-1
328305,-1
328306,-1
328307,-1
328308,-1
328309,-1
328310,-1
328311,-1
328312,-1
328313,-1
328314,-1
328315,-1
328316,-1
328317,-1
328318,-1
328319,-1
328320,-1
328321,-1
328322,-1
328323,-1
328324,-1
328325,-1
328326,-1
328327,-1
328328,-1
328329,-1
328330,-1
328331,-1
328332,-1
328333,-1
328334,-1
328335,-1
328336,-1
328337,-1
328338,-1
328339,-1
328340,-1
328341,-1
328342,-1
328343,-1
328344,-1
328345,-1
328346,-1
328347,-1
328348,-1
328349,-1
328350,-1
328351,-1
328352,-1
328353,-1
328354,-1
328355,-1
328356,-1
328357,-1
328358,-1
328359,-1
328360,-1
328361,-1
328362,-1
328363,-1
328364,-1
328365,-1
328366,-1
328367,-1
328368,-1
328369,-1
328370,-1
328371,-1
328372,-1
328373,-1
328374,-1
328375,-1
328376,-1
328377,-1
328378,-1
328379,-1
328380,-1
328381,-1
328382,-1
328383,-1
328384,-1
328385,-1
328386,-1
328387,-1
328388,-1
328389,-1
328390,-1
328391,-1
328392,-1
328393,-1
328394,-1
328395,-1
328396,-1
328397,-1
328398,-1
328399,-1
328400,-1
328401,-1
328402,-1
328403,-1
328404,-1
328405,-1
328406,-1
328407,-1
328408,-1
328409,-1
328410,-1
328411,-1
328412,-1
328413,-1
328414,-1
328415,-1
328416,-1
328417,-1
328418,-1
328419,-1
328420,-1
328421,-1
328422,-1
328423,-1
328424,-1
328425,-1
328426,-1
328427,-1
328428,-1
328429,-1
328430,-1
328431,-1
328432,-1
328433,-1
328434,-1
328435,-1
328436,-1
328437,-1
328438,-1
328439,-1
328440,-1
328441,-1
328442,-1
328443,-1
328444,-1
328445,-1
328446,-1
328447,-1
328448,-1
328449,-1
328450,-1
328451,-1
328452,-1
328453,-1
328454,-1
328455,-1
328456,-1
328457,-1
328458,-1
328459,-1
328460,-1
328461,-1
328462,-1
328463,-1
328464,-1
328465,-1
328466,-1
328467,-1
328468,-1
328469,-1
328470,-1
328471,-1
328472,-1
328473,-1
328474,-1
328475,-1
328476,-1
328477,-1
328478,-1
328479,-1
328480,-1
328481,-1
328482,-1
328483,-1
328484,-1
328485,-1
328486,-1
328487,-1
328488,-1
328489,-1
328490,-1
328491,-1
328492,-1
328493,-1
328494,-1
328495,-1
328496,-1
328497,-1
328498,-1
328499,-1
328500,-1
328501,-1
328502,-1
328503,-1
328504,-1
328505,-1
328506,-1
328507,-1
328508,-1
328509,-1
328510,-1
328511,-1
328512,-1
328513,-1
328514,-1
328515,-1
328516,-1
328517,-1
328518,-1
328519,-1
328520,-1
328521,-1
328522,-1
328523,-1
328524,-1
328525,-1
328526,-1
328527,-1
328528,-1
328529,-1
328530,-1
328531,-1
328532,-1
328533,-1
328534,-1
328535,-1
328536,-1
328537,-1
328538,-1
328539,-1
328540,-1
328541,-1
328542,-1
328543,-1
328544,-1
328545,-1
328546,-1
328547,-1
328548,-1
328549,-1
328550,-1
328551,-1
328552,-1
328553,-1
328554,-1
328555,-1
328556,-1
328557,-1
328558,-1
328559,-1
328560,-1
328561,-1
328562,-1
328563,-1
328564,-1
328565,-1
328566,-1
328567,-1
328568,-1
328569,-1
328570,-1
328571,-1
328572,-1
328573,-1
328574,-1
328575,-1
328576,-1
328577,-1
328578,-1
328579,-1
328580,-1
328581,-1
328582,-1
328583,-1
328584,-1
328585,-1
328586,-1
328587,-1
328588,-1
328589,-1
328590,-1
328591,-1
328592,-1
328593,-1
328594,-1
328595,-1
328596,-1
328597,-1
328598,-1
328599,-1
328600,-1
328601,-1
328602,-1
328603,-1
328604,-1
328605,-1
328606,-1
328607,-1
328608,-1
328609,-1
328610,-1
328611,-1
328612,-1
328613,-1
328614,-1
328615,-1
328616,-1
328617,-1
328618,-1
328619,-1
328620,-1
328621,-1
328622,-1
328623,-1
328624,-1
328625,-1
328626,-1
328627,-1
328628,-1
328629,-1
328630,-1
328631,-1
328632,-1
328633,-1
328634,-1
328635,-1
328636,-1
328637,-1
328638,-1
328639,-1
328640,-1
328641,-1
328642,-1
328643,-1
328644,-1
328645,-1
328646,-1
328647,-1
328648,-1
328649,-1
328650,-1
328651,-1
328652,-1
328653,-1
328654,-1
328655,-1
328656,-1
328657,-1
328658,-1
328659,-1
328660,-1
328661,-1
328662,-1
328663,-1
328664,-1
328665,-1
328666,-1
328667,-1
328668,-1
328669,-1
328670,-1
328671,-1
328672,-1
328673,-1
328674,-1
328675,-1
328676,-1
328677,-1
328678,-1
328679,-1
328680,-1
328681,-1
328682,-1
328683,-1
328684,-1
328685,-1
328686,-1
328687,-1
328688,-1
328689,-1
328690,-1
328691,-1
328692,-1
328693,-1
328694,-1
328695,-1
328696,-1
328697,-1
328698,-1
328699,-1
328700,-1
328701,-1
328702,-1
328703,-1
328704,-1
328705,-1
328706,-1
328707,-1
328708,-1
328709,-1
328710,-1
328711,-1
328712,-1
328713,-1
328714,-1
328715,-1
328716,-1
328717,-1
328718,-1
328719,-1
328720,-1
328721,-1
328722,-1
328723,-1
328724,-1
328725,-1
328726,-1
328727,-1
328728,-1
328729,-1
328730,-1
328731,-1
328732,-1
328733,-1
328734,-1
328735,-1
328736,-1
328737,-1
328738,-1
328739,-1
328740,-1
328741,-1
328742,-1
328743,-1
328744,-1
328745,-1
328746,-1
328747,-1
328748,-1
328749,-1
328750,-1
328751,-1
328752,-1
328753,-1
328754,-1
328755,-1
328756,-1
328757,-1
328758,-1
328759,-1
328760,-1
328761,-1
328762,-1
328763,-1
328764,-1
328765,-1
328766,-1
328767,-1
328768,-1
328769,-1
328770,-1
328771,-1
328772,-1
328773,-1
328774,-1
328775,-1
328776,-1
328777,-1
328778,-1
328779,-1
328780,-1
328781,-1
328782,-1
328783,-1
328784,-1
328785,-1
328786,-1
328787,-1
328788,-1
328789,-1
328790,-1
328791,-1
328792,-1
328793,-1
328794,-1
328795,-1
328796,-1
328797,-1
328798,-1
328799,-1
328800,-1
328801,-1
328802,-1
328803,-1
328804,-1
328805,-1
328806,-1
328807,-1
328808,-1
328809,-1
328810,-1
328811,-1
328812,-1
328813,-1
328814,-1
328815,-1
328816,-1
328817,-1
328818,-1
328819,-1
328820,-1
328821,-1
328822,-1
328823,-1
328824,-1
328825,-1
328826,-1
328827,-1
328828,-1
328829,-1
328830,-1
328831,-1
328832,-1
328833,-1
328834,-1
328835,-1
328836,-1
328837,-1
328838,-1
328839,-1
328840,-1
328841,-1
328842,-1
328843,-1
328844,-1
328845,-1
328846,-1
328847,-1
328848,-1
328849,-1
328850,-1
328851,-1
328852,-1
328853,-1
328854,-1
328855,-1
328856,-1
328857,-1
328858,-1
328859,-1
328860,-1
328861,-1
328862,-1
328863,-1
328864,-1
328865,-1
328866,-1
328867,-1
328868,-1
328869,-1
328870,-1
328871,-1
328872,-1
328873,-1
328874,-1
328875,-1
328876,-1
328877,-1
328878,-1
328879,-1
328880,-1
328881,-1
328882,-1
328883,-1
328884,-1
328885,-1
328886,-1
328887,-1
328888,-1
328889,-1
328890,-1
328891,-1
328892,-1
328893,-1
328894,-1
328895,-1
328896,-1
328897,-1
328898,-1
328899,-1
328900,-1
328901,-1
328902,-1
328903,-1
328904,-1
328905,-1
328906,-1
328907,-1
328908,-1
328909,-1
328910,-1
328911,-1
328912,-1
328913,-1
328914,-1
328915,-1
328916,-1
328917,-1
328918,-1
328919,-1
328920,-1
328921,-1
328922,-1
328923,-1
328924,-1
328925,-1
328926,-1
328927,-1
328928,-1
328929,-1
328930,-1
328931,-1
328932,-1
328933,-1
328934,-1
328935,-1
328936,-1
328937,-1
328938,-1
328939,-1
328940,-1
328941,-1
328942,-1
328943,-1
328944,-1
328945,-1
328946,-1
328947,-1
328948,-1
328949,-1
328950,-1
328951,-1
328952,-1
328953,-1
328954,-1
328955,-1
328956,-1
328957,-1
328958,-1
328959,-1
328960,-1
328961,-1
328962,-1
328963,-1
328964,-1
328965,-1
328966,-1
328967,-1
328968,-1
328969,-1
328970,-1
328971,-1
328972,-1
328973,-1
328974,-1
328975,-1
328976,-1
328977,-1
328978,-1
328979,-1
328980,-1
328981,-1
328982,-1
328983,-1
328984,-1
328985,-1
328986,-1
328987,-1
328988,-1
328989,-1
328990,-1
328991,-1
328992,-1
328993,-1
328994,-1
328995,-1
328996,-1
328997,-1
328998,-1
328999,-1
329000,-1
329001,-1
329002,-1
329003,-1
329004,-1
329005,-1
329006,-1
329007,-1
329008,-1
329009,-1
329010,-1
329011,-1
329012,-1
329013,-1
329014,-1
329015,-1
329016,-1
329017,-1
329018,-1
329019,-1
329020,-1
329021,-1
329022,-1
329023,-1
329024,-1
329025,-1
329026,-1
329027,-1
329028,-1
329029,-1
329030,-1
329031,-1
329032,-1
329033,-1
329034,-1
329035,-1
329036,-1
329037,-1
329038,-1
329039,-1
329040,-1
329041,-1
329042,-1
329043,-1
329044,-1
329045,-1
329046,-1
329047,-1
329048,-1
329049,-1
329050,-1
329051,-1
329052,-1
329053,-1
329054,-1
329055,-1
329056,-1
329057,-1
329058,-1
329059,-1
329060,-1
329061,-1
329062,-1
329063,-1
329064,-1
329065,-1
329066,-1
329067,-1
329068,-1
329069,-1
329070,-1
329071,-1
329072,-1
329073,-1
329074,-1
329075,-1
329076,-1
329077,-1
329078,-1
329079,-1
329080,-1
329081,-1
329082,-1
329083,-1
329084,-1
329085,-1
329086,-1
329087,-1
329088,-1
329089,-1
329090,-1
329091,-1
329092,-1
329093,-1
329094,-1
329095,-1
329096,-1
329097,-1
329098,-1
329099,-1
329100,-1
329101,-1
329102,-1
329103,-1
329104,-1
329105,-1
329106,-1
329107,-1
329108,-1
329109,-1
329110,-1
329111,-1
329112,-1
329113,-1
329114,-1
329115,-1
329116,-1
329117,-1
329118,-1
329119,-1
329120,-1
329121,-1
329122,-1
329123,-1
329124,-1
329125,-1
329126,-1
329127,-1
329128,-1
329129,-1
329130,-1
329131,-1
329132,-1
329133,-1
329134,-1
